ID,name,description,NORTH,SOUTH,EAST,WEST
plantation,Plantation,"Rows of crops stretch out under a moonless sky. The plantation house looms in the distance, its windows still lit. But the sound of footsteps remind you that you cannot stay here for long. The time is right, do you seize this chance to escape?",None,None,barn,forest_path
forest_path,Forest Path,"A narrow path winds through thick trees. Moonlight barely reaches the ground, every snapped twig freezes you in place. You are not sure whether it is the wind, or something else...",safe_house_a,None,barn,None
barn,Barn,"An old wooden barn stands beside the fields. The smell of hay fills the air, and crates and farming tools are scattered around the dark interior.",farm,None,safe_house_b,forest_path
safe_house_a,Safe House A,"A modest farmhouse is hidden among the trees. A dim lantern burns in the window, signalling that someone here may be willing to help.",river_crossing,None,farm,None
safe_house_b,Safe House B,"An abandoned-looking cabin stands away from the main path. Despite its appearance, signs of recent activity suggest that it is being used as a safe refuge.",river_crossing,None,None,farm
farm,Farm,"A farmhouse sits quietly beyond the treeline, its fields offering cover you are grateful for. But the lights flickering in the distance are moving. Someone is out there, and they are getting closer.",river_crossing,barn,safe_house_b,safe_house_a
river_crossing,River Crossing,"The river is wider than you expected. The current pulls hard, and the far bank feels impossibly distant. There is no cover here — nothing between you and the open sky. You have to cross. There is no going back.",final_port,None,None,None
final_port,Final Port,"The docks are loud and crowded, which should help you disappear — but you cannot shake the feeling of being watched. Somewhere in this chaos is your way out. And somewhere between you and it is the person who has been hunting you.",northern_sanctuary,river_crossing,None,None
northern_sanctuary,Northern Sanctuary,"You emerge into a settlement far from the plantation.The settlement is quiet. No dogs, no lanterns sweeping the dark, no sound of boots on gravel. The danger is finally behind you. You have reached the Northern Sanctuary.",None,final_port,None,None
